<?xml version="1.0" encoding="utf-8"?>
<odoo>
    <data>
        <!-- Datos de ejemplo-->

        <record id="clientes_demo_1" model="tallerroma.clientes">
            <field name="dni">07345678</field>
            <field name="email">cliente1@ejemplo.com</field>
            <field name="telefono">666456789</field>
            <field name="direccion">Calle Mayor, 1</field>
            <field name="nombre">Juan</field>
            <field name="apellidos">Pérez</field>
        </record>

        <record id="clientes_demo_2" model="tallerroma.clientes">
            <field name="dni">87654321</field>
            <field name="email">otrocliente@ejemplo.com</field>
            <field name="telefono">987654321</field>
            <field name="direccion">Avenida de la Playa, 5</field>
            <field name="nombre">María</field>
            <field name="apellidos">Rodríguez</field>
        </record>

        <record id="clientes_demo_3" model="tallerroma.clientes">
            <field name="dni">70111111</field>
            <field name="nombre">Antonio</field>
            <field name="apellidos">García</field>
        </record>

        <record id="vehiculo_demo_1" model="tallerroma.vehiculo">
            <field name="matricula">1234ABC</field>
            <field name="fecha_vehiculo">2020-01-01</field>
            <field name="modelo">A4</field>
            <field name="marca">Audi</field>
            <field name="kilometros">50000</field>
            <field name="cliente_id" ref="clientes_demo_1"/>
        </record>

        <record id="vehiculo_demo_2" model="tallerroma.vehiculo">
            <field name="matricula">5678DEF</field>
            <field name="fecha_vehiculo">2019-05-15</field>
            <field name="modelo">Clio</field>
            <field name="marca">Renault</field>
            <field name="kilometros">75000</field>
            <field name="cliente_id" ref="clientes_demo_2"/>
        </record>

        <record id="vehiculo_demo_3" model="tallerroma.vehiculo">
            <field name="matricula">9012GHI</field>
            <field name="fecha_vehiculo">2022-02-22</field>
            <field name="modelo">Serie 3</field>
            <field name="marca">BMW</field>
            <field name="kilometros">10000</field>
            <field name="cliente_id" ref="clientes_demo_1"/>
        </record>


        <!-- dejo comentadas las vistas que al parecer dan problemas al introducir los datos...
        <record model="ir.ui.view" id="view_tallerroma_vehiculo_form">
            <field name="name">Vehiculo Form</field>
            <field name="model">tallerroma.vehiculo</field>
            <field name="arch" type="xml">
                <form string="Vehiculo">
                    <group>
                        <group>
                            <field name="matricula"/>
                            <field name="fecha_vehiculo"/>
                            <field name="modelo"/>
                            <field name="marca"/>
                            <field name="kilometros"/>
                        </group>
                        <group>
                            <field name="imagen"/>
                        </group>
                    </group>
                    <notebook>
                        <page string="Clientes">
                            <field name="clientes_relacionados" mode="tree">
                                <tree string="Clientes">
                                    <field name="nombre"/>
                                    <field name="apellidos"/>
                                    <field name="dni"/>
                                    <field name="email"/>
                                    <field name="telefono"/>
                                    <field name="direccion"/>
                                </tree>
                            </field>
                        </page>
                    </notebook>
                </form>
            </field>
        </record>


        <record model="ir.ui.view" id="view_tallerroma_clientes_form">
            <field name="name">Clientes Form</field>
            <field name="model">tallerroma.clientes</field>
            <field name="arch" type="xml">
                <form string="Clientes">
                    <sheet>
                        <group>
                            <field name="nombre"/>
                            <field name="apellidos"/>
                            <field name="dni"/>
                            <field name="email"/>
                            <field name="telefono"/>
                            <field name="direccion"/>
                        </group>
                        <notebook>
                            <page string="Vehiculo">
                                <field name="vehiculo_id" widget="selection"/>
                            </page>
                        </notebook>
                    </sheet>
                </form>
            </field>
        </record>
        -->
    </data>
</odoo>
