<?xml version="1.0" ?>
<estacionesTrabajo>
encoding="utf-8"<Ordenador>
encoding="utf-8"encoding="utf-8"<Procesador>i7 11765</Procesador>
encoding="utf-8"encoding="utf-8"<Memoria>32GB</Memoria>
encoding="utf-8"</Ordenador>
encoding="utf-8"<Ordenador>
encoding="utf-8"encoding="utf-8"<Procesador>Core i7 11700k</Procesador>
encoding="utf-8"encoding="utf-8"<Memoria>64GB</Memoria>
encoding="utf-8"</Ordenador>
encoding="utf-8"<Ordenador>
encoding="utf-8"encoding="utf-8"<Procesador>Core i9 12900k</Procesador>
encoding="utf-8"encoding="utf-8"<Memoria>128GB</Memoria>
encoding="utf-8"</Ordenador>
</estacionesTrabajo>
